obips_rss,obips_vsz,obis_rss,obis_vsz,obijh_rss,obijh_vsz,biresults_rss,biresults_vsz,machineMemory
1556.59765625,5986.35546875,366.06640625,5040.85546875,386.43359375,6062.42578125,3679.49609375,19710.4765625,12085.4609375
1556.828125,5986.49609375,366.51953125,5041.29296875,383.1015625,6062.42578125,3671.4765625,19710.4765625,12075.4296875
1556.91015625,5986.54296875,366.7109375,5041.49609375,433.3359375,6062.42578125,3659.765625,19710.4765625,12076.32421875
1557.109375,5986.73046875,367.25390625,5041.671875,438.86328125,6062.42578125,3649.24609375,19710.4765625,12117.296875
1557.15625,5986.73046875,367.24609375,5041.671875,438.8203125,6062.42578125,3643.73046875,19710.4765625,12104.81640625
1557.32421875,5986.90234375,367.2734375,5041.671875,430.796875,6062.42578125,3637.2109375,19710.4765625,12086.46875
1557.3359375,5986.90234375,367.296875,5041.671875,422.77734375,6062.42578125,3637.2109375,19710.4765625,12079.34765625
1557.4375,5986.94921875,367.28125,5041.671875,418.5625,6062.42578125,3656.6015625,19710.4765625,12065.85546875
1557.48828125,5987.21484375,367.328125,5041.71875,427.09765625,6062.42578125,3658.0859375,19710.4765625,12088.15234375
1557.6875,5987.88671875,367.3828125,5041.71875,420.58203125,6062.42578125,3658.234375,19710.4765625,12095.546875
1557.98828125,5987.94921875,367.3828125,5041.71875,410.0625,6062.42578125,3678.86328125,19710.4765625,12088.5078125
1557.9921875,5987.96484375,367.37890625,5041.71875,402.046875,6062.42578125,3677.84765625,19710.4765625,12099.1796875
1558.609375,5988.41796875,367.37890625,5041.71875,395.53515625,6062.42578125,3679.859375,19710.4765625,12091.96484375
1558.87890625,5988.41796875,367.3671875,5041.71875,432.91015625,6062.42578125,3700.62109375,19710.4765625,12087.34375
1559.08984375,5988.51171875,367.3671875,5084.63671875,461.50390625,6062.42578125,3700.0625,19710.4765625,12126.6953125
1559.35546875,5988.54296875,367.36328125,5041.71875,464.03515625,6062.42578125,3701.59375,19710.4765625,12170.234375
1559.609375,5988.54296875,367.37109375,5041.71875,458.0234375,6062.42578125,3701.59375,19710.4765625,12179.75390625
1559.625,5988.54296875,367.359375,5041.71875,451.0078125,6062.42578125,3684.34375,19710.4765625,12172.68359375
1559.625,5988.54296875,367.37109375,5041.71875,443.1796875,6062.42578125,3716.6796875,19710.4765625,12186.9375
1559.6484375,5988.54296875,367.37109375,5041.71875,438.66796875,6062.42578125,3709.671875,19710.4765625,12142.97265625
1559.65625,5988.54296875,367.3671875,5041.71875,438.37109375,6062.42578125,3704.16015625,19710.4765625,12167.10546875
1559.6796875,5988.57421875,367.3671875,5041.71875,427.8515625,6062.42578125,3691.5859375,19710.4765625,12164.7734375
1559.69140625,5988.58984375,367.35546875,5084.63671875,392.4453125,6062.42578125,3684.58203125,19710.4765625,12145.25
1559.69140625,5988.58984375,367.35546875,5041.71875,389.9375,6062.42578125,3675.265625,19710.4765625,12101.34375
1559.92578125,5988.58984375,367.375,5041.71875,396.93359375,6062.42578125,3659.23046875,19710.4765625,12088.22265625
1559.9375,5988.58984375,367.3828125,5084.63671875,390.921875,6062.42578125,3650.88671875,19710.4765625,12067.8125
1560.00390625,5988.77734375,367.37109375,5042.0,386.40625,6062.42578125,3643.875,19710.4765625,12066.375
1560.203125,5988.91796875,367.4609375,5042.0,416.6015625,6062.42578125,3632.91796875,19710.4765625,12052.83984375
1560.30078125,5988.96484375,367.45703125,5042.0,414.828125,6062.42578125,3628.91796875,19710.4765625,12042.02734375
1560.40625,5989.05859375,367.46484375,5042.0,432.24609375,6062.42578125,3622.40625,19710.4765625,12064.51953125
1560.40625,5989.10546875,367.4609375,5084.91796875,440.7578125,6062.42578125,3616.58203125,19710.4765625,12052.5
1560.46875,5989.15234375,367.4453125,5042.0,431.73046875,6062.42578125,3633.9375,19710.4765625,12063.74609375
1560.7578125,5989.26171875,367.4609375,5084.91796875,424.71484375,6062.42578125,3635.69140625,19710.4765625,12057.109375
1560.8046875,5989.26171875,367.46484375,5042.0,418.203125,6062.42578125,3661.0546875,19710.4765625,12067.19140625
1560.86328125,5989.26171875,367.453125,5042.0,434.8515625,6062.42578125,3690.37890625,19710.4765625,12072.43359375
1560.8671875,5989.29296875,367.515625,5042.046875,460.37890625,6062.42578125,3692.859375,19710.4765625,12089.84765625
1560.87109375,5989.29296875,367.5078125,5042.046875,482.84375,6062.42578125,3722.8984375,19710.4765625,12085.70703125
1560.98046875,5989.29296875,367.51171875,5042.046875,478.8359375,6062.42578125,3750.1171875,19710.4765625,12139.66015625
1561.09765625,5989.29296875,367.5078125,5042.046875,469.921875,6062.42578125,3752.8515625,19710.4765625,12193.40625
1561.1015625,5989.29296875,367.51171875,5042.046875,466.41796875,6062.42578125,3783.33984375,19710.4765625,12217.83984375
1561.1015625,5989.29296875,367.53125,5042.078125,461.18359375,6062.42578125,3784.6328125,19710.4765625,12237.83984375
1561.10546875,6054.453125,367.546875,5042.078125,450.66015625,6062.42578125,3814.6875,19710.4765625,12236.421875
1561.61328125,6055.453125,367.55078125,5084.99609375,438.4765625,6062.42578125,3852.109375,19710.4765625,12262.76953125
1562.08203125,6055.5,367.5390625,5042.078125,430.71875,6062.42578125,3852.8984375,19710.4765625,12256.21875
1562.3203125,6055.609375,367.55078125,5042.078125,421.203125,6062.42578125,3885.2890625,19710.4765625,12275.97265625
1562.40625,6055.609375,367.54296875,5042.078125,417.84765625,6062.42578125,3886.9140625,19710.4765625,12305.24609375
1562.50390625,6055.609375,367.546875,5042.078125,487.8828125,6062.42578125,3923.16796875,19710.4765625,12300.3046875
1562.5546875,6055.671875,367.54296875,5042.078125,494.55859375,6062.42578125,3924.0703125,19710.4765625,12319.02734375
1562.6953125,6055.703125,367.578125,5042.109375,495.8515625,6062.42578125,3959.53515625,19710.4765625,12314.36328125
1562.6953125,6055.8125,367.5859375,5042.109375,492.23828125,6062.42578125,3961.96875,19710.4765625,12398.765625
1562.75,6055.90625,367.59765625,5042.109375,490.640625,6062.42578125,3999.421875,19710.4765625,12427.7734375
1562.87109375,6055.953125,367.59375,5085.02734375,493.0390625,6062.42578125,4000.4609375,19710.4765625,12464.8359375
1563.04296875,6056.5,367.5859375,5042.109375,485.19140625,6062.42578125,4046.1015625,19710.4765625,12466.4375
1563.36328125,6056.875,367.59375,5042.109375,477.17578125,6062.42578125,4046.10546875,19710.4765625,12506.5078125
1564.19140625,6057.66015625,367.58984375,5042.109375,471.921875,6062.42578125,4079.31640625,19710.4765625,12502.58203125
1565.03125,6058.70703125,367.59765625,5042.109375,466.9296875,6062.42578125,4080.28125,19710.4765625,12552.39453125
1565.47265625,6058.72265625,367.58984375,5042.109375,458.9140625,6062.42578125,4124.01171875,19710.4765625,12546.53515625
1567.6015625,6060.8046875,367.58984375,5042.109375,450.3984375,6062.42578125,4116.890625,19710.4765625,12570.98828125
1567.8515625,6060.8046875,367.59375,5042.109375,447.57421875,6062.42578125,4124.265625,19710.4765625,12567.2421875
1568.12109375,6060.8359375,367.8515625,5043.11328125,437.8125,6062.42578125,4100.953125,19710.4765625,12563.02734375
1568.3125,6060.8359375,367.83984375,5086.03125,429.796875,6062.42578125,4109.55078125,19710.4765625,12599.609375
1568.33203125,6060.8359375,367.83984375,5043.11328125,422.0390625,6062.42578125,4081.41796875,19710.4765625,12586.56640625
1568.3984375,6060.8359375,367.8515625,5043.11328125,458.08203125,6062.42578125,4085.25,19710.4765625,12590.79296875
1568.40625,6060.8359375,367.85546875,5043.12890625,520.62109375,6062.42578125,4060.25,19710.4765625,12561.4609375
1568.4140625,6060.8359375,367.86328125,5043.25390625,512.98828125,6062.42578125,4064.37109375,19710.4765625,12559.8046875
1568.41796875,6060.8359375,367.9140625,5043.25390625,508.234375,6062.42578125,4036.76171875,19710.4765625,12523.796875
1568.43359375,6060.8359375,367.95703125,5043.31640625,503.203125,6062.42578125,4043.0859375,19710.4765625,12558.98046875
1568.46484375,6060.8984375,367.984375,5043.31640625,502.8203125,6062.42578125,4017.14453125,19710.4765625,12619.859375
1568.46484375,6060.8984375,367.984375,5043.31640625,495.30859375,6062.42578125,4023.49609375,19710.4765625,12600.12890625
1568.51953125,6060.8984375,367.984375,5043.31640625,492.046875,6062.42578125,4002.1015625,19710.4765625,12597.0390625
1568.5234375,6060.9609375,368.03125,5086.234375,484.81640625,6062.42578125,4007.734375,19710.4765625,12561.46484375
1568.55859375,6060.9921875,368.0390625,5043.31640625,483.62890625,6062.42578125,3983.1640625,19710.4765625,12563.34765625
1568.625,6061.1171875,368.0390625,5043.31640625,474.3515625,6062.42578125,3972.2421875,19710.4765625,12539.76171875
1568.69140625,6061.1484375,368.04296875,5043.31640625,461.0703125,6062.42578125,3972.2421875,19710.4765625,12539.171875
1568.765625,6061.1484375,368.0390625,5043.31640625,450.5625,6062.42578125,3972.2421875,19710.4765625,12513.0546875
1568.8828125,6061.1484375,368.02734375,5043.31640625,438.546875,6062.42578125,3959.25,19710.4765625,12513.64453125
1568.88671875,6061.1484375,368.03125,5043.31640625,428.78125,6062.42578125,3938.484375,19710.4765625,12487.35546875
1568.93359375,6061.2890625,368.015625,5043.31640625,454.953125,6062.42578125,3945.41015625,19710.4765625,12488.50390625
1569.03125,6061.3359375,368.03125,5043.31640625,502.6640625,6062.42578125,3927.671875,19710.4765625,12455.16015625
1569.0390625,6061.3359375,368.03515625,5043.31640625,544.02734375,6062.42578125,3933.55078125,19710.4765625,12448.6171875
1569.10546875,6061.3359375,368.03515625,5043.31640625,577.01953125,6062.42578125,3919.19921875,19710.4765625,12415.40234375
1569.12109375,6061.3359375,368.0234375,5043.31640625,573.72265625,6062.42578125,3899.1796875,19710.4765625,12422.3046875
1569.12890625,6061.3671875,368.03515625,5043.31640625,569.5546875,6062.42578125,3910.31640625,19710.4765625,12398.25390625
1569.1640625,6061.3984375,368.03515625,5086.234375,559.30078125,6062.42578125,3913.6484375,19710.4765625,12426.92578125
1569.1640625,6061.3984375,368.04296875,5043.31640625,552.78515625,6062.42578125,3943.421875,19710.4765625,12497.234375
1569.171875,6061.4296875,368.03125,5043.31640625,544.52734375,6062.42578125,3979.3125,19710.4765625,12521.4453125
1569.17578125,6061.4296875,368.03515625,5043.31640625,535.51171875,6062.42578125,3979.828125,19710.4765625,12520.8359375
1569.1796875,6061.4296875,368.02734375,5043.31640625,524.4921875,6062.42578125,4017.25390625,19710.4765625,12497.0625
1569.1796875,6061.4296875,368.04296875,5043.31640625,512.96875,6062.42578125,4019.2890625,19710.4765625,12477.9921875
1569.18359375,6061.4296875,368.046875,5043.31640625,507.54296875,6062.42578125,4055.77734375,19710.4765625,12498.04296875
1569.18359375,6061.4296875,368.0390625,5043.31640625,492.7890625,6062.42578125,4057.41015625,19710.4765625,12499.21875
1569.1875,6061.4296875,368.04296875,5043.31640625,483.0078125,6062.42578125,4093.1875,19710.4765625,12521.05859375
1569.2421875,6061.4296875,368.03125,5043.31640625,471.984375,6062.42578125,4096.09375,19710.4765625,12520.07421875
1569.296875,6061.4765625,368.04296875,5043.31640625,469.12109375,6062.42578125,4127.05859375,19710.4765625,12544.8671875
1569.33203125,6061.4765625,368.03515625,5043.31640625,472.19140625,6062.42578125,4128.09765625,19710.4765625,12536.69921875
1569.35546875,6061.4765625,368.03125,5043.31640625,474.12109375,6062.42578125,4163.09765625,19710.4765625,12567.41015625
1569.36328125,6061.4765625,368.03515625,5043.31640625,502.328125,6062.42578125,4157.375,19710.4765625,12557.5
1569.39453125,6061.5859375,368.03515625,5043.31640625,527.8515625,6062.42578125,4164.29296875,19710.4765625,12583.37109375
1569.5078125,6061.7109375,368.05078125,5043.31640625,602.27734375,6062.42578125,4143.4921875,19710.4765625,12576.00390625
1569.515625,6061.7578125,368.05078125,5043.31640625,603.4140625,6062.42578125,4152.41015625,19710.4765625,12598.3046875
1569.5859375,6061.7578125,368.0390625,5043.31640625,599.68359375,6062.42578125,4128.82421875,19710.4765625,12602.64453125
1569.6328125,6061.8515625,368.02734375,5043.31640625,591.90625,6062.42578125,4137.640625,19710.4765625,12641.9765625
1569.6328125,6061.9453125,368.0234375,5043.31640625,581.38671875,6062.42578125,4114.74609375,19710.4765625,12642.4453125
1570.0703125,6062.3515625,368.0234375,5043.31640625,577.6328125,6062.42578125,4096.08984375,19710.4765625,12670.90234375
1570.43359375,6062.3515625,368.0234375,5043.31640625,569.875,6062.42578125,4107.32421875,19710.4765625,12708.64453125
1570.44140625,6062.3515625,368.04296875,5043.31640625,567.45703125,6062.42578125,4090.0625,19710.4765625,12749.83984375
1570.47265625,6062.4765625,368.04296875,5043.31640625,557.25,6062.42578125,4086.07421875,19710.4765625,12762.25
1570.48046875,6062.5078125,368.04296875,5043.31640625,544.46484375,6062.42578125,4069.66015625,19710.4765625,12736.91796875
1570.54296875,6062.7265625,368.0390625,5043.31640625,533.4921875,6062.42578125,4083.62890625,19710.4765625,12708.7578125
1570.77734375,6062.7265625,368.03515625,5043.31640625,524.2265625,6062.42578125,4063.66796875,19710.4765625,12702.69921875
1570.875,6062.7265625,368.05859375,5043.33203125,514.70703125,6062.42578125,4053.16015625,19710.4765625,12681.16015625
1570.98046875,6062.7265625,368.1015625,5043.37890625,503.73828125,6062.42578125,4052.921875,19710.4765625,12684.2265625
1570.99609375,6062.7734375,368.10546875,5043.37890625,491.47265625,6062.42578125,4036.68359375,19710.4765625,12663.109375
1570.99609375,6062.96484375,368.10546875,5043.37890625,474.4375,6062.42578125,4043.82421875,19710.4765625,12649.73046875
1574.3125,6067.70703125,368.08984375,5043.37890625,465.92578125,6062.42578125,4024.89453125,19710.4765625,12625.31640625
1581.2578125,6075.55078125,368.10546875,5043.37890625,461.171875,6062.42578125,4009.89453125,19710.4765625,12627.69140625
1581.66015625,6075.55078125,368.10546875,5043.37890625,456.46484375,6062.42578125,4019.38671875,19710.4765625,12607.07421875
1582.02734375,6075.55078125,368.1015625,5043.37890625,481.26953125,6062.42578125,4021.23828125,19710.4765625,12588.78515625
1582.34375,6075.55078125,368.09765625,5043.37890625,566.578125,6062.42578125,4055.921875,19710.4765625,12571.3359375
1582.65234375,6075.61328125,368.09375,5043.37890625,601.32421875,6062.42578125,4084.796875,19710.4765625,12543.421875
1582.671875,6075.61328125,368.1015625,5086.296875,597.921875,6062.42578125,4086.08203125,19710.4765625,12540.90234375
1582.734375,6075.61328125,368.10546875,5043.37890625,589.52734375,6062.42578125,4121.1171875,19710.4765625,12506.875
1582.73828125,6075.61328125,368.11328125,5086.296875,582.5234375,6062.42578125,4123.703125,19710.4765625,12504.859375
1582.78125,6075.61328125,368.1015625,5043.37890625,572.76171875,6062.42578125,4154.3125,19710.4765625,12490.5234375
1582.79296875,6075.73828125,368.09765625,5043.37890625,564.74609375,6062.42578125,4154.828125,19710.4765625,12496.33203125
1582.9375,6075.73828125,368.09375,5086.296875,556.73046875,6062.42578125,4192.78515625,19710.4765625,12522.24609375
1583.140625,6075.78515625,368.10546875,5043.37890625,546.7109375,6062.42578125,4194.0703125,19710.4765625,12642.51171875
1583.21875,6075.78515625,368.1015625,5043.37890625,537.9453125,6062.42578125,4229.75390625,19710.4765625,12705.5078125
1583.2578125,6075.78515625,368.1015625,5043.37890625,530.4296875,6062.42578125,4268.4921875,19710.4765625,12705.09375
1583.30859375,6075.78515625,368.1015625,5043.37890625,518.92578125,6062.42578125,4269.2734375,19710.4765625,12731.421875
1583.32421875,6075.78515625,368.1015625,5043.37890625,505.90234375,6062.42578125,4310.09765625,19710.4765625,12729.2109375
1583.37890625,6075.78515625,368.09375,5043.37890625,496.15234375,6062.42578125,4313.92578125,19710.4765625,12750.75390625
1583.37890625,6075.78515625,368.09375,5043.37890625,490.39453125,6062.42578125,4313.92578125,19710.4765625,12742.2265625
1583.390625,6075.78515625,368.09375,5043.37890625,479.87109375,6062.42578125,4347.87109375,19710.4765625,12774.80859375
1583.4140625,6075.78515625,368.13671875,5043.41015625,476.51171875,6062.42578125,4348.9921875,19710.4765625,12765.125
1585.34765625,6078.328125,368.12890625,5043.41015625,532.52734375,6062.42578125,4389.140625,19710.4765625,12794.640625
1585.37890625,6078.328125,368.13671875,5043.41015625,595.48828125,6062.42578125,4380.16015625,19710.4765625,12785.39453125
1585.64453125,6078.328125,368.1484375,5043.41015625,593.09765625,6062.42578125,4390.66015625,19710.4765625,12817.5859375
1585.84765625,6078.328125,368.14453125,5043.41015625,588.84765625,6062.42578125,4365.61328125,19710.4765625,12802.85546875
1585.87109375,6078.328125,368.1328125,5043.41015625,582.578125,6062.42578125,4373.96484375,19710.4765625,12833.87890625
1585.87890625,6078.328125,368.12890625,5043.41015625,573.81640625,6062.42578125,4345.8203125,19710.4765625,12832.01171875
1586.16796875,6078.328125,368.1328125,5043.41015625,565.80078125,6062.42578125,4357.59765625,19710.4765625,12854.24609375
1586.16796875,6078.328125,368.12109375,5043.41015625,560.56640625,6062.42578125,4335.06640625,19710.4765625,12845.5234375
1586.18359375,6078.328125,368.125,5043.41015625,555.8125,6062.42578125,4330.07421875,19710.4765625,12846.53515625
1586.19140625,6078.328125,368.12890625,5043.41015625,545.2890625,6062.42578125,4307.29296875,19710.4765625,12942.7109375
1586.1953125,6078.328125,368.12109375,5043.41015625,537.2734375,6062.42578125,4306.80078125,19710.4765625,12972.3359375
1586.203125,6078.328125,368.13671875,5043.41015625,527.26953125,6062.42578125,4284.28515625,19710.4765625,13010.015625
1586.203125,6078.375,368.16796875,5043.44140625,521.0,6062.42578125,4281.01171875,19710.4765625,12978.85546875
1586.20703125,6078.375,368.16015625,5043.44140625,510.8125,6062.42578125,4279.0078125,19710.4765625,12981.62890625
1586.29296875,6078.40625,368.17578125,5043.45703125,497.2890625,6062.42578125,4256.8359375,19710.4765625,12947.7421875
1586.32421875,6078.40625,368.1875,5043.45703125,489.00390625,6062.42578125,4264.703125,19710.4765625,12949.85546875
1586.328125,6078.40625,368.17578125,5043.45703125,502.3046875,6062.42578125,4246.078125,19710.4765625,12916.93359375
1586.328125,6078.40625,368.18359375,5043.45703125,555.7890625,6062.42578125,4243.5703125,19710.4765625,12912.0625
1586.33203125,6078.40625,368.19921875,5043.47265625,557.19140625,6062.42578125,4223.546875,19710.4765625,12881.1484375
1586.33203125,6078.40625,368.21484375,5086.40625,559.2421875,6062.42578125,4226.359375,19710.4765625,12868.26953125
1586.33203125,6078.40625,368.21875,5043.48828125,577.046875,6062.42578125,4209.08203125,19710.4765625,12842.76171875
1586.33203125,6078.40625,368.2265625,5043.48828125,584.83984375,6062.42578125,4217.65234375,19710.4765625,12845.6171875
1586.33203125,6078.40625,368.19921875,5043.48828125,582.1484375,6062.42578125,4198.6875,19710.4765625,12823.96875
1586.33203125,6079.42578125,368.20703125,5043.48828125,574.37109375,6062.42578125,4181.91015625,19710.4765625,12811.5390625
1586.34375,6079.42578125,368.20703125,5043.48828125,565.35546875,6062.42578125,4179.21484375,19710.4765625,12777.9296875
1586.34765625,6079.42578125,368.20703125,5086.40625,557.359375,6062.42578125,4166.7109375,19710.4765625,12776.1328125
1586.3515625,6079.42578125,367.68359375,5042.73828125,545.59375,6062.42578125,4160.984375,19710.4765625,12769.27734375
1586.3515625,6079.42578125,367.6796875,5042.73828125,536.078125,6062.42578125,4149.2421875,19710.4765625,12819.79296875
1586.3515625,6079.42578125,367.703125,5042.73828125,524.421875,6062.42578125,4133.5078125,19710.4765625,12802.95703125
1586.3515625,6079.42578125,367.703125,5042.73828125,516.66796875,6062.42578125,4136.90234375,19710.4765625,12806.09375
1586.359375,6079.45703125,367.69921875,5042.73828125,513.22265625,6062.42578125,4140.01953125,19710.4765625,12798.82421875
1586.5234375,6079.45703125,367.69140625,5042.73828125,503.70703125,6062.42578125,4167.765625,19710.4765625,12822.203125
1586.5546875,6079.45703125,367.703125,5042.73828125,497.953125,6062.42578125,4203.90234375,19710.4765625,12811.171875
1586.5546875,6079.45703125,367.6953125,5043.23828125,491.1953125,6062.42578125,4204.453125,19710.4765625,12801.375
1592.81640625,6229.3828125,368.53125,5043.73828125,522.41015625,6062.42578125,4246.14453125,19710.4765625,12776.41015625
1593.65234375,6229.4453125,368.546875,5043.73828125,579.4140625,6062.42578125,4303.68359375,19710.4765625,12763.19140625
1594.6875,6231.37109375,368.5625,5043.73828125,611.96484375,6062.42578125,4305.19921875,19710.4765625,12731.625
1594.984375,6231.46484375,368.54296875,5043.73828125,656.12109375,6062.42578125,4355.7734375,19710.4765625,12727.296875
1595.3359375,6231.62109375,368.55859375,5086.65625,653.67578125,6062.42578125,4358.00390625,19710.4765625,12707.4375
1595.453125,6231.859375,368.55859375,5043.73828125,650.16796875,6062.42578125,4408.6484375,19710.4765625,12680.6171875
1595.63671875,6231.921875,368.5546875,5043.73828125,642.65234375,6062.42578125,4409.92578125,19710.4765625,12674.16796875
1595.828125,6231.953125,368.56640625,5086.65625,638.64453125,6062.42578125,4456.95703125,19710.4765625,12674.98828125
1596.54296875,6233.51171875,368.5625,5043.73828125,628.62890625,6062.42578125,4457.984375,19710.4765625,12694.6640625
1596.71484375,6233.58984375,368.5703125,5043.73828125,625.12109375,6062.42578125,4497.359375,19710.4765625,12723.40625
1596.84375,6233.58984375,368.56640625,5043.73828125,618.875,6062.42578125,4498.640625,19710.4765625,12715.52734375
1597.359375,6233.74609375,368.56640625,5043.73828125,611.359375,6062.42578125,4541.70703125,19710.4765625,12722.03515625
1597.73828125,6234.35546875,368.55859375,5043.73828125,605.64453125,6062.42578125,4534.78125,19710.4765625,12826.09375
1597.96875,6234.453125,368.55859375,5086.65625,597.12890625,6062.42578125,4538.09375,19710.4765625,12918.6171875
1598.4453125,6234.625,368.56640625,5043.73828125,586.609375,6062.42578125,4514.07421875,19710.4765625,12956.0703125
1598.5078125,6234.65625,368.5703125,5043.73828125,579.34375,6062.42578125,4523.078125,19710.4765625,13051.109375
1598.62890625,6234.72265625,368.5703125,5043.73828125,566.83203125,6062.42578125,4496.5703125,19710.4765625,13093.3671875
1598.73046875,6235.37890625,368.5703125,5043.73828125,562.57421875,6062.42578125,4496.8203125,19710.4765625,13092.7890625
1599.23046875,6235.86328125,368.5703125,5043.73828125,554.046875,6062.42578125,4496.8203125,19710.4765625,13131.11328125
1600.7734375,6237.70703125,368.55859375,5043.73828125,543.26953125,6062.42578125,4475.67578125,19710.4765625,13130.35546875
1600.8671875,6237.78515625,368.60546875,5043.73828125,533.75,6062.42578125,4475.67578125,19710.4765625,13127.66796875
1601.1171875,6237.78515625,368.609375,5043.73828125,522.375,6062.42578125,4447.98046875,19710.4765625,13162.44921875
1601.57421875,6237.78515625,368.60546875,5043.73828125,513.359375,6062.42578125,4431.82421875,19710.4765625,13158.8515625
1601.57421875,6237.78515625,368.6015625,5043.73828125,508.46875,6062.42578125,4431.82421875,19710.4765625,13193.9296875
1601.62109375,6237.78515625,368.6015625,5043.73828125,504.5390625,6062.42578125,4434.87890625,19710.4765625,13184.38671875
1601.79296875,6237.78515625,368.60546875,5043.73828125,533.8828125,6062.42578125,4416.4375,19710.4765625,13177.53125
1601.8125,6237.78515625,368.59765625,5043.73828125,623.7265625,6062.42578125,4393.37890625,19710.4765625,13169.625
1601.8125,6237.78515625,368.59765625,5043.73828125,630.0703125,6062.42578125,4398.69140625,19710.4765625,13137.27734375
1601.81640625,6237.78515625,368.609375,5043.73828125,627.93359375,6062.42578125,4377.32421875,19710.4765625,13135.33984375
1601.8984375,6237.78515625,368.61328125,5043.73828125,630.04296875,6062.42578125,4378.8671875,19710.4765625,13104.90234375
1601.8984375,6237.78515625,368.59765625,5043.73828125,631.25,6062.42578125,4361.9296875,19710.4765625,13096.1796875
1601.8984375,6237.78515625,368.59765625,5043.73828125,629.84765625,6062.42578125,4362.44140625,19710.4765625,13064.5234375
1601.90234375,6237.78515625,368.59375,5043.73828125,629.3984375,6062.42578125,4355.88671875,19710.4765625,13060.2734375
1601.91796875,6237.80078125,368.6015625,5043.73828125,628.73828125,6062.42578125,4343.49609375,19710.4765625,13017.80859375
1601.92578125,6237.80078125,368.58203125,5043.73828125,618.3359375,6062.42578125,4333.9765625,19710.4765625,13021.2109375
1601.9609375,6238.8203125,368.5859375,5043.73828125,610.078125,6062.42578125,4325.73046875,19710.4765625,12989.29296875
1601.9921875,6238.8203125,368.58984375,5043.73828125,602.0625,6062.42578125,4320.1796875,19710.4765625,12986.6484375
1602.0,6238.8203125,368.58984375,5043.73828125,590.5625,6062.42578125,4302.0546875,19710.4765625,12973.25390625
1602.0,6238.8203125,368.58984375,5043.73828125,580.54296875,6062.42578125,4296.11328125,19710.4765625,13016.09375
1602.0,6238.8203125,368.58203125,5043.73828125,573.34765625,6062.42578125,4287.828125,19710.4765625,13061.6640625
1602.00390625,6238.8203125,368.5859375,5043.73828125,565.33203125,6062.42578125,4270.27734375,19710.4765625,13072.8125
1602.00390625,6238.8203125,368.578125,5043.73828125,556.82421875,6062.42578125,4262.79296875,19710.4765625,13048.1484375
1602.00390625,6238.8203125,368.57421875,5086.65625,545.05078125,6062.42578125,4255.58203125,19710.4765625,13054.70703125
1602.0078125,6238.8203125,368.5703125,5043.73828125,538.04296875,6062.42578125,4249.58203125,19710.4765625,13037.890625
1602.0078125,6238.8203125,368.578125,5043.73828125,528.32421875,6062.42578125,4234.59375,19710.4765625,13037.1953125
1602.015625,6238.8203125,368.58984375,5043.73828125,516.55859375,6062.42578125,4229.84765625,19710.4765625,13013.07421875
1602.015625,6238.8203125,368.58203125,5043.73828125,510.546875,6062.42578125,4221.63671875,19710.4765625,13028.58984375
1602.015625,6238.8203125,368.58984375,5043.73828125,503.53515625,6062.42578125,4206.671875,19710.4765625,13003.1484375
1602.015625,6238.8203125,368.57421875,5043.73828125,502.046875,6062.42578125,4207.67578125,19710.4765625,12985.28515625
1602.015625,6238.8203125,368.57421875,5043.73828125,552.75390625,6062.42578125,4205.46875,19710.4765625,12972.51171875
1602.015625,6238.8203125,368.578125,5086.65625,607.53125,6062.42578125,4206.75,19710.4765625,12956.03515625
1602.015625,6238.8203125,368.58984375,5043.73828125,597.64453125,6062.42578125,4227.33203125,19710.4765625,12935.4921875
1602.015625,6238.8203125,368.5859375,5086.65625,592.890625,6062.42578125,4260.203125,19710.4765625,12919.296875
1602.015625,6238.8203125,368.58203125,5043.73828125,585.1328125,6062.42578125,4267.25390625,19710.4765625,12905.01953125
1602.015625,6238.8203125,368.5859375,5043.73828125,575.0234375,6062.42578125,4299.265625,19710.4765625,12884.4296875
1602.015625,6238.8203125,368.58984375,5043.73828125,569.51953125,6062.42578125,4335.45703125,19710.4765625,12865.04296875
1602.015625,6238.8203125,368.57421875,5043.73828125,559.00390625,6062.42578125,4336.0703125,19710.4765625,12847.6640625
1602.0234375,6238.8203125,368.58984375,5043.73828125,552.24609375,6062.42578125,4366.41015625,19710.4765625,12832.328125
1602.02734375,6238.8203125,368.609375,5043.76953125,541.734375,6062.42578125,4407.30859375,19710.4765625,12818.6328125
1602.02734375,6238.8203125,368.60546875,5043.76953125,528.7109375,6062.42578125,4408.609375,19710.4765625,12791.4296875
1602.02734375,6238.8203125,368.60546875,5043.76953125,519.94140625,6062.42578125,4441.015625,19710.4765625,12778.2890625
1602.02734375,6238.8203125,368.6484375,5043.80078125,518.88671875,6062.42578125,4443.8671875,19710.4765625,12766.5234375
1602.03515625,6238.8203125,368.8515625,5043.80078125,588.32421875,6062.42578125,4479.66796875,19710.4765625,12752.2890625
1602.0390625,6238.8203125,368.83203125,5043.80078125,657.15625,6062.42578125,4481.00390625,19710.4765625,12793.359375
1602.43359375,6238.8203125,368.82421875,5043.80078125,656.94921875,6062.42578125,4510.64453125,19710.4765625,12827.55859375
1602.6875,6238.8203125,368.828125,5043.80078125,651.5390625,6062.42578125,4513.59765625,19710.4765625,12874.3359375
1602.8046875,6238.8203125,368.83984375,5129.63671875,646.78125,6062.42578125,4550.0625,19710.4765625,12872.13671875
1602.8046875,6238.8203125,368.83984375,5043.80078125,638.765625,6062.42578125,4550.8359375,19710.4765625,12897.015625
1602.80859375,6238.8203125,368.84375,5043.80078125,637.265625,6062.42578125,4593.2734375,19710.4765625,12891.30078125
1602.80859375,6238.8203125,368.828125,5043.80078125,627.50390625,6062.42578125,4596.359375,19710.4765625,12915.66796875
1602.80859375,6238.8203125,368.828125,5043.80078125,620.98828125,6062.42578125,4630.5703125,19710.4765625,12947.703125
1602.80859375,6238.8203125,368.83203125,5043.80078125,615.73828125,6062.42578125,4631.91015625,19710.4765625,12934.2890625
1602.80859375,6238.8203125,368.83203125,5043.80078125,612.4765625,6062.42578125,4640.48046875,19710.4765625,12958.8203125
1602.8125,6238.8203125,368.83203125,5043.80078125,602.94921875,6062.42578125,4617.90625,19710.4765625,12994.4296875
1602.8125,6238.8203125,368.83203125,5043.80078125,598.77734375,6062.42578125,4624.33203125,19710.4765625,12985.83203125
1602.81640625,6238.8203125,368.8359375,5043.80078125,604.78515625,6062.42578125,4601.84765625,19710.4765625,13005.67578125
1602.81640625,6238.8203125,368.8359375,5043.80078125,601.6953125,6062.42578125,4606.1796875,19710.4765625,13001.9296875
1602.81640625,6238.8203125,368.83203125,5086.7109375,591.93359375,6062.42578125,4580.88671875,19710.4765625,13083.6171875
1602.828125,6238.8203125,368.82421875,5043.79296875,576.90625,6062.42578125,4593.5546875,19710.4765625,13150.0625
1602.828125,6238.8203125,368.828125,5043.79296875,566.140625,6062.42578125,4568.24609375,19710.4765625,13211.82421875
1602.828125,6238.8203125,368.81640625,5043.79296875,555.12109375,6062.42578125,4568.24609375,19710.4765625,13213.74609375
1602.828125,6238.8203125,368.828125,5043.79296875,541.35546875,6062.42578125,4548.51171875,19710.4765625,13243.50390625
1602.828125,6238.8203125,368.828125,5043.79296875,528.328125,6062.42578125,4527.6328125,19710.4765625,13239.5
1602.828125,6238.8203125,368.83203125,5043.79296875,524.0625,6062.42578125,4534.703125,19710.4765625,13276.58203125
1602.828125,6238.8203125,368.8359375,5043.79296875,521.39453125,6062.42578125,4515.80078125,19710.4765625,13275.37890625
1602.828125,6238.8203125,368.828125,5043.79296875,545.89453125,6062.42578125,4515.30078125,19710.4765625,13269.1484375
1602.828125,6238.8203125,368.83203125,5043.79296875,543.11328125,6062.42578125,4496.7890625,19710.4765625,13297.59765625
1602.83203125,6238.8203125,368.83984375,5043.79296875,609.5234375,6062.42578125,4507.46875,19710.4765625,13292.91015625
1602.8359375,6238.8203125,368.828125,5043.79296875,698.5703125,6062.42578125,4484.1484375,19710.4765625,13300.12109375
1602.8359375,6238.8203125,368.83984375,5043.79296875,702.52734375,6062.42578125,4484.39453125,19710.4765625,13270.0078125
1602.83984375,6238.8203125,368.83203125,5043.79296875,702.734375,6062.42578125,4500.4765625,19710.4765625,13266.3359375
1602.83984375,6238.8203125,368.828125,5043.79296875,704.2890625,6062.42578125,4466.9375,19710.4765625,13252.96875
1603.08203125,6238.8203125,368.859375,5043.79296875,704.62890625,6062.42578125,4491.5078125,19710.4765625,13271.64453125
1603.0859375,6238.8203125,368.8984375,5043.79296875,703.18359375,6062.42578125,4527.3984375,19710.4765625,13226.203125
1603.0859375,6238.8203125,368.88671875,5043.79296875,703.46875,6062.42578125,4527.89453125,19710.4765625,13226.34375
1603.0859375,6238.8203125,368.87890625,5043.79296875,706.4296875,6062.42578125,4529.7109375,19710.4765625,13193.8671875
1603.09375,6238.8203125,368.9140625,5043.82421875,706.11328125,6062.42578125,4530.78515625,19710.4765625,13179.23046875
1603.09375,6238.8203125,368.91015625,5043.82421875,698.78125,6062.42578125,4511.875,19710.4765625,13144.05859375
1603.09375,6238.8203125,368.91796875,5043.82421875,691.51171875,6062.42578125,4502.14453125,19710.4765625,13134.26171875
1603.09375,6238.8203125,368.921875,5043.82421875,680.9921875,6062.42578125,4493.16015625,19710.4765625,13102.4453125
1603.09375,6238.8203125,368.90625,5043.82421875,669.46875,6062.42578125,4482.90625,19710.4765625,13106.8046875
1603.09765625,6238.8203125,368.90625,5043.82421875,661.453125,6062.42578125,4474.67578125,19710.4765625,13091.44921875
1603.1015625,6238.8203125,368.90625,5043.82421875,643.91796875,6062.42578125,4464.42578125,19710.4765625,13111.62890625
1603.1015625,6238.8203125,368.91796875,5043.82421875,626.88671875,6062.42578125,4456.9921875,19710.4765625,13099.21875
1603.1015625,6238.8203125,368.92578125,5086.7421875,611.35546875,6062.42578125,4450.2890625,19710.4765625,13149.37890625
1603.1015625,6238.8203125,368.921875,5086.7421875,591.31640625,6062.42578125,4446.80859375,19710.4765625,13228.01953125
1603.1015625,6238.8203125,368.9296875,5043.82421875,580.796875,6062.42578125,4439.05078125,19710.4765625,13231.3203125
1603.1015625,6238.8203125,368.93359375,5043.82421875,565.265625,6062.42578125,4433.33984375,19710.4765625,13253.27734375
1603.1015625,6238.8203125,368.93359375,5043.82421875,551.94921875,6062.42578125,4425.58984375,19710.4765625,13219.26171875
1603.13671875,6238.8203125,368.93359375,5043.82421875,543.19140625,6062.42578125,4415.3359375,19710.4765625,13242.6953125
1603.13671875,6238.8203125,368.9296875,5043.82421875,535.67578125,6062.42578125,4418.11328125,19710.4765625,13241.62890625
1603.140625,6238.8203125,368.94140625,5043.82421875,534.4609375,6062.42578125,4438.3984375,19710.4765625,13279.85546875
1603.140625,6238.8203125,368.94140625,5043.82421875,584.078125,6062.42578125,4467.9296875,19710.4765625,13283.44140625
1603.140625,6238.8203125,368.9453125,5043.82421875,605.2109375,6062.42578125,4469.7265625,19710.4765625,13288.19921875
1603.140625,6238.8203125,368.9375,5043.82421875,601.44921875,6062.42578125,4504.65625,19710.4765625,13278.1015625
1603.140625,6238.8203125,368.9375,5043.82421875,592.93359375,6062.42578125,4538.62109375,19710.4765625,13260.5390625
1603.140625,6238.8203125,368.94140625,5043.82421875,584.91796875,6062.42578125,4539.5234375,19710.4765625,13241.421875
1603.140625,6238.8203125,368.9296875,5043.82421875,571.48828125,6062.42578125,4578.76171875,19710.4765625,13223.953125
1603.140625,6238.8203125,368.93359375,5043.82421875,560.46875,6062.42578125,4579.53515625,19710.4765625,13205.0390625
1603.140625,6238.8203125,368.94921875,5043.82421875,549.94921875,6062.42578125,4612.66796875,19710.4765625,13186.53515625
1603.140625,6238.8203125,368.953125,5043.82421875,540.4296875,6062.42578125,4614.19921875,19710.4765625,13157.76171875
1603.14453125,6238.8203125,368.953125,5043.82421875,595.265625,6062.42578125,4654.09375,19710.4765625,13134.88671875
1603.14453125,6238.8203125,368.94921875,5043.82421875,656.24609375,6062.42578125,4653.02734375,19710.4765625,13110.03515625
1603.14453125,6238.8203125,368.953125,5044.10546875,652.98046875,6062.42578125,4648.98046875,19710.4765625,13087.546875
1603.1484375,6238.8203125,369.015625,5044.10546875,644.46484375,6062.42578125,4642.96875,19710.4765625,13071.8515625
1603.1484375,6238.8203125,369.0390625,5044.13671875,640.45703125,6062.42578125,4628.21484375,19710.4765625,13051.96484375
1603.1484375,6238.8203125,369.10546875,5044.41796875,632.44140625,6062.42578125,4637.83203125,19710.4765625,13028.3828125
1603.1484375,6238.8203125,369.14453125,5044.41796875,628.0859375,6062.42578125,4615.8515625,19710.4765625,13011.4296875
1603.1484375,6238.8203125,369.14453125,5044.41796875,614.55859375,6062.42578125,4611.33984375,19710.4765625,13002.375
1603.1484375,6238.8203125,369.13671875,5044.41796875,604.0390625,6062.42578125,4592.703125,19710.4765625,13019.15625
1603.15234375,6238.8203125,369.14453125,5044.41796875,593.015625,6062.42578125,4591.39453125,19710.4765625,13048.0234375
1603.15625,6238.8203125,369.15625,5044.43359375,580.4921875,6062.42578125,4576.4140625,19710.4765625,13125.65625
1603.25,6238.9140625,369.1953125,5044.46484375,567.96875,6062.42578125,4559.140625,19710.4765625,13120.8203125
1603.25390625,6238.9140625,369.28515625,5044.52734375,617.9765625,6062.42578125,4560.69921875,19710.4765625,13150.94140625
1603.25390625,6238.9140625,369.37890625,5044.62109375,655.41015625,6062.42578125,4551.734375,19710.4765625,13180.65234375
1603.2578125,6238.9140625,369.375,5044.62109375,654.80859375,6062.42578125,4554.83203125,19710.4765625,13173.046875
1603.2578125,6238.9140625,369.3671875,5087.5390625,656.3984375,6062.42578125,4548.8125,19710.4765625,13197.87890625
1603.2578125,6238.9140625,369.39453125,5044.65234375,656.71484375,6062.42578125,4540.0625,19710.4765625,13188.54296875
1603.2578125,6238.9140625,369.41796875,5044.65234375,654.83203125,6062.42578125,4544.20703125,19710.4765625,13211.9921875
1603.26171875,6238.9140625,369.421875,5044.65234375,653.859375,6062.42578125,4566.23046875,19710.4765625,13207.2421875
1603.26171875,6238.9140625,369.4296875,5044.65234375,649.734375,6062.42578125,4565.7265625,19710.4765625,13278.421875
1603.265625,6238.9140625,369.4296875,5044.65234375,639.95703125,6062.42578125,4572.24609375,19710.4765625,13352.921875
1603.265625,6238.9140625,369.421875,5044.65234375,631.4375,6062.42578125,4601.08984375,19710.4765625,13356.8359375
1603.265625,6238.9140625,369.42578125,5044.65234375,622.4296875,6062.42578125,4604.15234375,19710.4765625,13346.6796875
1603.265625,6238.9140625,369.40234375,5087.5703125,611.9921875,6062.42578125,4636.484375,19710.4765625,13337.41796875
1603.265625,6238.9140625,369.41015625,5044.65234375,620.64453125,6062.42578125,4637.265625,19710.4765625,13314.453125
1603.265625,6238.9140625,369.43359375,5044.65234375,619.1953125,6062.42578125,4673.08203125,19710.4765625,13318.15625
1603.265625,6238.9140625,369.46484375,5044.68359375,621.9375,6062.42578125,4707.75,19710.4765625,13293.2734375
1603.265625,6238.9140625,369.4921875,5087.6328125,619.4921875,6062.42578125,4708.5234375,19710.4765625,13259.38671875
1603.265625,6238.9140625,369.4921875,5044.71484375,619.94140625,6062.42578125,4743.328125,19710.4765625,13243.03125
1603.265625,6238.9140625,369.4921875,5044.71484375,609.55859375,6062.42578125,4746.26171875,19710.4765625,13220.5
1603.296875,6238.9140625,369.75390625,5044.73046875,600.54296875,6062.42578125,4781.5078125,19710.4765625,13207.6484375
1603.296875,6238.9140625,369.75,5044.73046875,589.01953125,6062.42578125,4782.79296875,19710.4765625,13180.265625
1603.296875,6238.94921875,369.78515625,5044.73046875,579.5,6062.42578125,4823.59765625,19710.4765625,13231.62109375
1603.296875,6238.94921875,369.78515625,5044.73046875,629.2109375,6062.42578125,4816.4140625,19710.4765625,13262.19921875
1603.3203125,6238.94921875,369.77734375,5044.73046875,633.015625,6062.42578125,4830.1484375,19710.4765625,13264.17578125
1603.3203125,6238.94921875,369.78125,5044.73046875,634.36328125,6062.42578125,4826.671875,19710.4765625,13261.6015625
1603.32421875,6238.94921875,369.76953125,5044.73046875,635.92578125,6062.42578125,4813.64453125,19710.4765625,13250.828125
1603.32421875,6238.94921875,369.77734375,5087.6484375,631.55859375,6062.42578125,4801.6484375,19710.4765625,13249.1953125
1603.32421875,6238.99609375,369.77734375,5044.73046875,624.2265625,6062.42578125,4789.37890625,19710.4765625,13254.21484375
1603.32421875,6238.99609375,369.7734375,5044.73046875,611.703125,6062.42578125,4776.36328125,19710.4765625,13267.7265625
1603.32421875,6238.99609375,369.796875,5044.73046875,600.68359375,6062.42578125,4770.9296875,19710.4765625,13271.0234375
1603.37109375,6238.99609375,369.796875,5044.73046875,592.71484375,6062.42578125,4753.66796875,19710.4765625,13265.1015625
1603.37109375,6238.99609375,369.80078125,5087.6484375,577.18359375,6062.42578125,4756.4765625,19710.4765625,13284.421875
1603.375,6238.99609375,369.78515625,5044.73046875,572.00390625,6062.42578125,4738.578125,19710.4765625,13274.17578125
1603.375,6238.99609375,369.79296875,5044.76171875,631.05078125,6062.42578125,4743.98046875,19710.4765625,13310.31640625
1603.375,6238.99609375,369.87890625,5044.85546875,662.10546875,6062.42578125,4724.14453125,19710.4765625,13313.58203125
1603.375,6238.99609375,370.04296875,5045.04296875,658.203125,6062.42578125,4725.95703125,19710.4765625,13348.734375
1603.375,6238.99609375,370.41796875,5045.41796875,652.65625,6062.42578125,4718.953125,19710.4765625,13386.9609375
1603.375,6238.99609375,370.51953125,5045.44921875,645.140625,6062.42578125,4704.2734375,19710.4765625,13390.9296875
1603.375,6238.99609375,370.671875,5045.57421875,632.1171875,6062.42578125,4694.75390625,19710.4765625,13416.50390625
1603.375,6238.99609375,370.73046875,5045.65234375,623.34765625,6062.42578125,4695.89453125,19710.4765625,13413.296875
1603.375,6238.99609375,371.21875,5046.13671875,614.33203125,6062.42578125,4714.73828125,19710.4765625,13440.6484375
1603.375,6238.99609375,371.65234375,5046.58984375,603.80859375,6062.42578125,4717.5234375,19710.4765625,13431.16796875
1603.375,6238.99609375,371.66796875,5046.58984375,592.7890625,6062.42578125,4749.73046875,19710.4765625,13456.17578125
1603.3828125,6238.99609375,371.76953125,5046.87109375,581.765625,6062.42578125,4784.19921875,19710.4765625,13471.10546875
1603.3828125,6238.99609375,371.8671875,5046.87109375,568.7421875,6062.42578125,4785.96484375,19710.4765625,13515.23046875
1603.3828125,6238.99609375,371.87890625,5046.87109375,558.22265625,6062.42578125,4830.80078125,19710.4765625,13520.48828125
1603.3828125,6238.99609375,371.8828125,5046.87109375,570.6484375,6062.42578125,4834.1640625,19710.4765625,13514.53515625
1603.3828125,6238.99609375,371.875,5046.87109375,562.7421875,6062.42578125,4864.1171875,19710.4765625,13513.23828125
1603.3828125,6238.99609375,371.859375,5046.87109375,554.7265625,6062.42578125,4864.90234375,19710.4765625,13521.2421875
1603.3828125,6238.99609375,371.8828125,5089.7890625,548.71484375,6062.42578125,4903.9453125,19710.4765625,13503.0546875
1603.3828125,6238.99609375,371.890625,5046.87109375,542.9609375,6062.42578125,4899.7890625,19710.4765625,13476.6796875
1603.390625,6238.99609375,371.890625,5046.87109375,536.94921875,6062.42578125,4900.9296875,19710.4765625,13476.41796875
1603.390625,6238.99609375,371.8984375,5046.87109375,615.8203125,6062.42578125,4875.6484375,19710.4765625,13449.7109375
1603.390625,6238.99609375,371.8984375,5046.87109375,649.75390625,6062.42578125,4887.98046875,19710.4765625,13439.8984375
1603.390625,6238.99609375,371.90625,5046.87109375,684.12109375,6062.42578125,4863.5390625,19710.4765625,13417.69921875
1603.390625,6238.99609375,371.8984375,5046.87109375,680.38671875,6062.42578125,4863.5390625,19710.4765625,13482.4453125
1603.390625,6238.99609375,371.8984375,5046.87109375,673.87109375,6062.42578125,4840.83203125,19710.4765625,13497.953125
1603.3984375,6238.99609375,371.91796875,5046.87109375,666.859375,6062.42578125,4850.88671875,19710.4765625,13494.34765625
1603.3984375,6238.99609375,371.91796875,5046.87109375,662.3515625,6062.42578125,4827.73046875,19710.4765625,13470.875
1603.3984375,6238.99609375,371.91015625,5046.87109375,654.3359375,6062.42578125,4832.08203125,19710.4765625,13460.42578125
1603.3984375,6238.99609375,371.92578125,5046.87109375,648.32421875,6062.42578125,4815.00390625,19710.4765625,13442.76953125
1603.3984375,6238.99609375,371.91796875,5046.87109375,636.80078125,6062.42578125,4817.80859375,19710.4765625,13433.8203125
1603.3984375,6238.99609375,371.91796875,5046.87109375,628.78515625,6062.42578125,4809.7890625,19710.4765625,13443.87109375
1603.3984375,6238.99609375,371.92578125,5046.87109375,616.26171875,6062.42578125,4796.25390625,19710.4765625,13436.5546875
1603.3984375,6238.99609375,371.92578125,5046.87109375,607.7421875,6062.42578125,4797.296875,19710.4765625,13456.8671875
1603.3984375,6238.99609375,371.92578125,5046.87109375,595.71875,6062.42578125,4776.81640625,19710.4765625,13444.9140625
1603.40234375,6238.99609375,371.921875,5046.87109375,581.19140625,6062.42578125,4765.921875,19710.4765625,13467.11328125
1603.40234375,6238.99609375,371.9140625,5046.87109375,569.66796875,6062.42578125,4774.484375,19710.4765625,13454.5625
1603.40625,6238.99609375,371.93359375,5046.87109375,566.19921875,6062.42578125,4758.53515625,19710.4765625,13487.34375
1603.40625,6238.99609375,371.93359375,5046.87109375,559.34375,6062.42578125,4758.75,19710.4765625,13503.42578125
1603.40625,6238.99609375,371.9296875,5046.87109375,590.23046875,6062.42578125,4741.5,19710.4765625,13523.6640625
1603.40625,6238.99609375,371.9296875,5046.87109375,651.70703125,6062.42578125,4746.85546875,19710.4765625,13514.14453125
1603.41015625,6238.99609375,371.97265625,5046.91796875,685.08203125,6062.42578125,4738.4140625,19710.4765625,13544.19921875
1603.43359375,6243.01171875,371.97265625,5046.91796875,682.7265625,6062.42578125,4741.75,19710.4765625,13533.453125
1603.43359375,6243.01171875,371.98046875,5046.91796875,677.27734375,6062.42578125,4774.953125,19710.4765625,13526.4765625
1603.43359375,6243.01171875,371.97265625,5046.91796875,663.75,6062.42578125,4815.40234375,19710.4765625,13549.78125
1603.4375,6243.01171875,371.97265625,5046.91796875,656.73828125,6062.42578125,4816.7109375,19710.4765625,13616.03515625
1603.4375,6243.01171875,372.0078125,5047.04296875,648.23046875,6062.42578125,4849.09375,19710.4765625,13632.9453125
1603.4375,6243.01171875,372.01953125,5089.9609375,642.21875,6062.42578125,4850.8828125,19710.4765625,13630.2421875
1603.4375,6243.01171875,372.02734375,5047.05859375,635.70703125,6062.42578125,4892.984375,19710.4765625,13626.75390625
1603.4375,6243.01171875,372.03125,5047.05859375,626.69140625,6062.42578125,4895.55859375,19710.4765625,13604.98828125
1603.46875,6243.01171875,372.0390625,5047.05859375,617.171875,6062.42578125,4933.58984375,19710.4765625,13578.1328125
1603.46875,6243.01171875,372.03515625,5047.05859375,603.14453125,6062.42578125,4935.1328125,19710.4765625,13575.25390625
1603.46875,6243.01171875,372.02734375,5047.05859375,603.5234375,6062.42578125,4977.75,19710.4765625,13546.3125
1603.46875,6243.01171875,372.03515625,5047.05859375,597.0390625,6062.42578125,4979.2578125,19710.4765625,13547.1796875
1603.46875,6243.01171875,372.046875,5047.05859375,587.71484375,6062.42578125,5026.21875,19710.4765625,13540.78515625
1603.46875,6243.01171875,372.0703125,5047.05859375,575.69140625,6062.42578125,5034.91796875,19710.4765625,13524.0078125
1603.46875,6243.01171875,372.08984375,5047.05859375,567.17578125,6062.42578125,5064.45703125,19710.4765625,13497.80859375
1603.46875,6243.01171875,372.109375,5047.08984375,560.16015625,6062.42578125,5064.45703125,19710.4765625,13491.95703125
1603.46875,6243.01171875,372.11328125,5047.08984375,552.14453125,6062.42578125,5107.7890625,19710.4765625,13455.765625
1603.46875,6243.01171875,372.16796875,5047.13671875,546.1328125,6062.42578125,5104.05859375,19710.4765625,13454.0078125
1603.46875,6243.01171875,372.16015625,5047.13671875,554.62890625,6062.42578125,5101.6015625,19710.4765625,13423.125
1603.5078125,6243.01171875,372.16015625,5047.13671875,602.93359375,6062.42578125,5074.83203125,19710.4765625,13420.453125
1603.5078125,6243.01171875,372.1640625,5047.13671875,606.0546875,6062.42578125,5084.05859375,19710.4765625,13404.7421875
1603.5078125,6243.01171875,372.1640625,5047.13671875,603.48828125,6062.42578125,5058.29296875,19710.4765625,13391.69921875
1603.5703125,6243.23046875,372.1953125,5047.16796875,602.7734375,6062.42578125,5059.5859375,19710.4765625,13450.47265625
1603.5703125,6243.23046875,372.20703125,5047.16796875,593.3046875,6062.42578125,5035.87890625,19710.4765625,13465.3671875
1604.078125,6243.23046875,372.20703125,5047.16796875,581.78125,6062.42578125,5036.64453125,19710.4765625,13507.39453125
1604.11328125,6243.23046875,372.19921875,5047.16796875,568.7578125,6062.42578125,5010.43359375,19710.4765625,13504.64453125
1604.1796875,6243.23046875,372.19921875,5090.0859375,555.98828125,6062.42578125,5013.2421875,19710.4765625,13533.4296875
1604.1796875,6243.23046875,372.203125,5047.16796875,544.96875,6062.42578125,4988.97265625,19710.4765625,13563.48046875
1604.1796875,6243.23046875,372.1953125,5047.16796875,561.84375,6062.42578125,4998.78515625,19710.4765625,13558.54296875
1604.1796875,6243.23046875,372.203125,5047.16796875,609.33203125,6062.42578125,4968.3203125,19710.4765625,13583.1640625
1604.1796875,6243.23046875,372.19140625,5047.16796875,635.65234375,6062.42578125,4955.5625,19710.4765625,13578.453125
1604.18359375,6243.23046875,372.1953125,5047.16796875,631.90234375,6062.42578125,4944.75390625,19710.4765625,13614.05859375
1604.18359375,6243.23046875,372.19140625,5047.16796875,623.38671875,6062.42578125,4935.04296875,19710.4765625,13606.90625
1604.18359375,6243.23046875,372.1953125,5047.16796875,616.37109375,6062.42578125,4927.0390625,19710.4765625,13637.95703125
1604.18359375,6243.23046875,372.19921875,5047.16796875,606.85546875,6062.42578125,4913.53515625,19710.4765625,13627.49609375
1604.18359375,6243.23046875,372.20703125,5047.16796875,597.8359375,6062.42578125,4909.09765625,19710.4765625,13668.48046875
1604.18359375,6243.23046875,372.19921875,5047.16796875,586.3125,6062.42578125,4897.125,19710.4765625,13663.6015625
1604.18359375,6243.23046875,372.19921875,5090.0859375,579.80078125,6062.42578125,4885.453125,19710.4765625,13699.21484375
1604.18359375,6243.23046875,372.203125,5047.16796875,574.2890625,6062.42578125,4885.453125,19710.4765625,13691.921875
1604.18359375,6243.23046875,372.20703125,5047.16796875,566.921875,6062.42578125,4870.1171875,19710.4765625,13720.36328125
1604.18359375,6243.23046875,372.21875,5047.16796875,555.3984375,6062.42578125,4872.68359375,19710.4765625,13711.88671875
1604.18359375,6243.23046875,372.21875,5047.16796875,575.10546875,6062.42578125,4858.5546875,19710.4765625,13749.32421875
1604.1875,6243.23046875,372.2109375,5047.16796875,617.8828125,6062.42578125,4844.62890625,19710.4765625,13737.8671875
1604.1875,6244.25,372.2109375,5047.16796875,648.43359375,6062.42578125,4842.625,19710.4765625,13730.828125
1604.1875,6244.25,372.203125,5090.0859375,646.94140625,6062.42578125,4827.36328125,19710.4765625,13756.78125
1604.1875,6244.25,372.20703125,5047.16796875,638.421875,6062.42578125,4812.93359375,19710.4765625,13764.75390625
1604.1875,6244.25,372.203125,5047.16796875,633.4140625,6062.42578125,4812.12109375,19710.4765625,13776.5078125
1604.1875,6244.25,372.19140625,5047.16796875,628.40234375,6062.42578125,4797.5078125,19710.4765625,13744.6640625
1604.1875,6244.25,372.19140625,5047.16796875,623.39453125,6062.42578125,4804.11328125,19710.4765625,13750.65234375
1604.19140625,6244.25,372.19921875,5047.16796875,613.375,6062.42578125,4786.90625,19710.4765625,13717.2578125
1604.19140625,6244.25,372.2109375,5047.16796875,607.62109375,6062.42578125,4781.15234375,19710.4765625,13708.875
1604.19140625,6244.25,372.21484375,5133.00390625,598.1015625,6062.42578125,4767.92578125,19710.4765625,13668.8515625
1604.19140625,6244.25,372.21875,5047.19921875,578.03125,6062.42578125,4761.69140625,19710.4765625,13661.59375
1604.1953125,6244.25,372.2109375,5047.19921875,564.76171875,6062.42578125,4763.1953125,19710.4765625,13624.1953125
1604.1953125,6244.25,372.203125,5047.19921875,557.57421875,6062.42578125,4780.23046875,19710.4765625,13624.33203125
1604.19921875,6244.25,372.20703125,5047.19921875,620.99609375,6062.42578125,4811.28515625,19710.4765625,13648.99609375
1604.19921875,6244.25,372.203125,5047.19921875,649.171875,6062.42578125,4840.08203125,19710.4765625,13691.58984375
1604.203125,6244.25,372.22265625,5090.1171875,644.9453125,6062.42578125,4840.77734375,19710.4765625,13679.06640625
1604.20703125,6244.25,372.2109375,5047.19921875,634.42578125,6062.42578125,4876.60546875,19710.4765625,13661.6796875
1604.20703125,6244.25,372.21484375,5047.19921875,629.4140625,6062.42578125,4878.91796875,19710.4765625,13641.6171875
1604.20703125,6244.25,372.26953125,5047.24609375,619.39453125,6062.42578125,4911.2578125,19710.4765625,13626.3515625
1604.20703125,6244.25,372.27734375,5047.24609375,608.875,6062.42578125,4949.79296875,19710.4765625,13608.61328125
1604.2109375,6244.25,372.2734375,5047.24609375,596.8515625,6062.42578125,4952.42578125,19710.4765625,13575.5703125
1604.2109375,6244.25,372.2734375,5047.24609375,584.828125,6062.42578125,4985.41015625,19710.4765625,13569.4375
1604.3046875,6244.484375,372.2890625,5090.1640625,571.046875,6062.42578125,4987.12109375,19710.4765625,13554.0703125
1605.21875,6245.80078125,372.2890625,5047.24609375,567.38671875,6062.42578125,5026.17578125,19710.4765625,13546.67578125
1608.796875,6248.9296875,372.28515625,5047.24609375,619.97265625,6062.42578125,5063.61328125,19710.4765625,13524.9765625
1609.15234375,6248.9296875,372.27734375,5047.24609375,619.17578125,6062.42578125,5064.390625,19710.4765625,13526.5546875
1609.41796875,6248.9765625,372.28125,5047.24609375,617.5703125,6062.42578125,5101.890625,19710.4765625,13506.3515625
1609.74609375,6249.0234375,372.55859375,5050.3203125,620.77734375,6062.42578125,5104.2421875,19710.4765625,13531.578125
1609.74609375,6249.0234375,372.5625,5050.3203125,614.7734375,6062.42578125,5149.328125,19710.4765625,13578.92578125
1609.7890625,6249.0234375,372.55859375,5050.3203125,602.7890625,6062.42578125,5149.21875,19710.4765625,13564.02734375
1609.7890625,6249.0234375,372.5625,5093.23828125,590.765625,6062.42578125,5193.62109375,19710.4765625,13556.4453125
1609.7890625,6249.0234375,372.5625,5050.3203125,580.74609375,6062.42578125,5194.140625,19710.4765625,13537.90234375
1609.79296875,6249.0234375,372.55859375,5050.3203125,566.21484375,6062.42578125,5231.41796875,19710.4765625,13532.13671875
1609.796875,6249.0234375,372.55859375,5050.3203125,555.1953125,6062.42578125,5227.99609375,19710.4765625,13517.2578125
1609.80078125,6249.0234375,372.58984375,5050.3515625,553.34765625,6062.42578125,5236.1015625,19710.4765625,13503.96875
1609.8046875,6249.0234375,372.58984375,5050.3515625,602.58984375,6062.42578125,5210.8125,19710.4765625,13489.8359375
1609.83203125,6249.0234375,372.578125,5050.3515625,634.9140625,6062.42578125,5220.2734375,19710.4765625,13477.90625
1609.8515625,6249.0234375,372.6171875,5050.3828125,626.3515625,6062.42578125,5193.76953125,19710.4765625,13452.15625
1609.859375,6249.0234375,372.609375,5050.3828125,616.33203125,6062.42578125,5195.578125,19710.4765625,13430.9765625
1609.86328125,6249.0234375,372.6171875,5050.3828125,609.8203125,6062.42578125,5169.2734375,19710.4765625,13417.46484375
1609.86328125,6249.0234375,372.625,5050.3828125,600.8046875,6062.42578125,5176.79296875,19710.4765625,13424.15625
1609.9140625,6249.0546875,372.6328125,5050.3828125,590.28125,6062.42578125,5155.48046875,19710.4765625,13514.1015625
1609.9140625,6249.0546875,372.62890625,5050.3828125,583.26953125,6062.42578125,5153.4765625,19710.4765625,13551.61328125
1609.91796875,6249.0546875,372.6328125,5050.3828125,571.24609375,6062.42578125,5129.94140625,19710.4765625,13577.27734375
1609.91796875,6249.0546875,372.62890625,5050.3828125,560.23046875,6062.42578125,5131.2265625,19710.4765625,13604.45703125
1609.91796875,6249.0546875,372.6171875,5050.3828125,590.01171875,6062.42578125,5110.13671875,19710.4765625,13600.92578125
1609.92578125,6249.0546875,372.6171875,5050.3828125,620.83203125,6062.42578125,5126.7109375,19710.4765625,13623.87109375
1609.92578125,6249.0546875,372.62109375,5050.3828125,642.12109375,6062.42578125,5112.59375,19710.4765625,13613.5546875
1609.92578125,6249.0546875,372.6171875,5093.30078125,636.90234375,6062.42578125,5100.578125,19710.4765625,13642.16015625
1609.9609375,6249.0546875,372.6171875,5050.3828125,631.390625,6062.42578125,5090.56640625,19710.4765625,13635.734375
1609.9609375,6249.0546875,372.625,5050.3828125,623.375,6062.42578125,5080.8203125,19710.4765625,13657.671875
1609.9609375,6249.0546875,372.62109375,5050.3828125,612.85546875,6062.42578125,5069.87890625,19710.4765625,13687.2265625
1609.9609375,6249.0546875,372.62890625,5050.3828125,602.33203125,6062.42578125,5049.890625,19710.4765625,13683.88671875
1609.9609375,6249.0546875,372.62890625,5050.3828125,597.82421875,6062.42578125,5045.92578125,19710.4765625,13776.9921875
1609.9609375,6249.0546875,372.6328125,5050.3828125,584.296875,6062.42578125,5033.16015625,19710.4765625,13777.96484375
1609.9609375,6249.0546875,372.640625,5050.3828125,573.27734375,6062.42578125,5027.69140625,19710.4765625,13817.22265625
1609.9609375,6249.0546875,372.63671875,5050.3828125,564.2578125,6062.42578125,5017.51171875,19710.4765625,13816.078125
1609.9609375,6249.0546875,372.6328125,5050.3828125,556.74609375,6062.42578125,4999.03125,19710.4765625,13860.46484375
1609.9609375,6249.0546875,372.62109375,5050.3828125,549.98828125,6062.42578125,4999.06640625,19710.4765625,13853.984375
1609.96484375,6249.0546875,372.63671875,5050.3828125,557.11328125,6062.42578125,4983.5390625,19710.4765625,13883.6328125
1609.96484375,6249.0546875,372.6328125,5050.3828125,600.734375,6062.42578125,4991.09375,19710.4765625,13874.44140625
1609.96484375,6249.0546875,372.6328125,5050.3828125,626.00390625,6062.42578125,5006.03515625,19710.4765625,13868.4765625
1609.98828125,6249.0546875,372.640625,5050.3828125,621.0078125,6062.42578125,5006.828125,19710.4765625,13886.66015625
1609.98828125,6249.0546875,372.640625,5050.3828125,614.4921875,6062.42578125,5033.078125,19710.4765625,13876.61328125
1610.0,6249.0546875,372.64453125,5050.3828125,606.4765625,6062.42578125,5036.62890625,19710.4765625,13908.2109375
1610.0,6249.0546875,372.62890625,5050.3828125,598.4609375,6062.42578125,5021.30859375,19710.4765625,13940.796875
1610.0,6249.0546875,372.6328125,5050.3828125,628.91796875,6062.42578125,5027.08984375,19710.4765625,13950.08203125
1610.0,6249.0546875,372.63671875,5050.3828125,661.4765625,6062.42578125,5021.7734375,19710.4765625,13915.015625
1610.0,6249.0546875,372.640625,5050.3828125,654.0859375,6062.42578125,5007.796875,19710.4765625,13908.74609375
1610.0,6249.0546875,372.63671875,5050.3828125,646.32421875,6062.42578125,5001.28125,19710.4765625,13876.0
1610.0,6249.0546875,372.640625,5050.3828125,645.2109375,6062.42578125,4985.828125,19710.4765625,13874.7421875
1610.0,6249.0546875,372.640625,5093.30078125,642.32421875,6062.42578125,4979.59765625,19710.4765625,13838.03125
1610.0,6249.0546875,372.6328125,5050.3828125,634.80859375,6062.42578125,4973.80859375,19710.4765625,13836.87109375
1610.0,6249.0546875,372.63671875,5050.3828125,623.8359375,6062.42578125,4996.609375,19710.4765625,13795.1015625
1610.00390625,6249.0546875,372.6484375,5050.3984375,614.31640625,6062.42578125,4997.58984375,19710.4765625,13789.734375
1610.1640625,6249.2734375,372.6953125,5050.4921875,599.7890625,6062.42578125,5024.84375,19710.4765625,13773.453125
1610.1640625,6249.2734375,372.74609375,5050.5390625,588.265625,6062.42578125,5062.3515625,19710.4765625,13824.921875
1610.1640625,6249.2734375,372.75,5050.5390625,576.7421875,6062.42578125,5063.63671875,19710.4765625,13860.77734375
1610.1640625,6249.2734375,372.78125,5050.5390625,589.1171875,6062.42578125,5097.1484375,19710.4765625,13837.6953125
1610.1640625,6249.2734375,372.7734375,5050.5390625,583.26171875,6062.42578125,5098.48828125,19710.4765625,13822.41015625
1610.1640625,6249.2734375,372.7734375,5050.5390625,576.0078125,6062.42578125,5135.21875,19710.4765625,13807.81640625
1610.1640625,6249.2734375,372.796875,5050.5390625,569.99609375,6062.42578125,5169.6796875,19710.4765625,13791.1875
1610.1640625,6249.2734375,372.796875,5050.5390625,559.9765625,6062.42578125,5170.45703125,19710.4765625,13776.9609375
1610.1640625,6249.2734375,371.65234375,5049.1328125,551.45703125,6062.42578125,5209.30078125,19710.4765625,13750.88671875
1610.2265625,6249.2734375,371.63671875,5049.15625,563.984375,6062.42578125,5210.58203125,19710.4765625,13740.36328125
1610.2265625,6249.2734375,371.6484375,5049.15625,580.3046875,6062.42578125,5250.7578125,19710.4765625,13716.80078125
1610.2265625,6249.2734375,371.6328125,5049.15625,569.3125,6062.42578125,5252.80859375,19710.4765625,13700.56640625
1610.2265625,6249.2734375,371.63671875,5049.15625,607.50390625,6062.42578125,5288.6875,19710.4765625,13681.64453125
1610.23046875,6249.2734375,371.64453125,5049.15625,634.2734375,6062.42578125,5288.94921875,19710.4765625,13654.140625
1610.23046875,6249.2734375,371.6484375,5049.15625,628.28515625,6062.42578125,5331.76953125,19710.4765625,13648.4140625
1610.265625,6249.2734375,371.640625,5092.07421875,623.2734375,6062.42578125,5333.8359375,19710.4765625,13625.703125
,,,,,,,,13684.47265625
,,,,,,,,13733.296875
,,,,,,,,13727.4609375
,,,,,,,,13751.1875
,,,,,,,,13744.10546875
,,,,,,,,13743.3359375
,,,,,,,,13721.5625
,,,,,,,,13745.05859375
,,,,,,,,13782.2578125
,,,,,,,,13762.0
,,,,,,,,13749.01953125
,,,,,,,,13734.5859375
,,,,,,,,13723.7265625
,,,,,,,,13711.8515625
,,,,,,,,13722.5546875
,,,,,,,,13716.3359375
,,,,,,,,13731.05859375
,,,,,,,,13723.60546875
,,,,,,,,13747.6640625
,,,,,,,,13772.8125
,,,,,,,,13787.50390625
,,,,,,,,13817.16015625
,,,,,,,,13811.57421875
,,,,,,,,13838.48828125
,,,,,,,,13828.828125
,,,,,,,,13860.97265625
,,,,,,,,13878.12890625
,,,,,,,,13935.50390625
,,,,,,,,13943.66796875
,,,,,,,,13994.53515625
,,,,,,,,14031.14453125
,,,,,,,,14062.80078125
,,,,,,,,14059.86328125
,,,,,,,,14087.7578125
